,Year of manufacture,Kilometer,Previous owners,Horsepower,Cubic capacity (ccm),Cylinders,Doors,Steering,Gearbox,Gears,Transmission,Front breaks,Rear breaks,Fuel type,Price (Â£)
0,2000,99800,3,251,1781,4,2,Left (LHD),Manual,6,4WD,Disc,Disc,Petrol,14785
1,1979,82000,6,127,1962,4,2,Left (LHD),Manual,5,Rear,Disc,Disc,Petrol,21321
2,1990,201000,3,147,2849,6,2,Left (LHD),Automatic,4,Rear,Disc,Disc,Petrol,23061
3,1981,60000,3,205,2906,8,2,Left (LHD),Manual,5,Rear,Disc,Disc,Petrol,126183
4,1966,161000,5,150,2496,6,2,Left (LHD),Manual,4,Rear,Disc,Disc,Petrol,46122
5,2003,110600,2,396,4196,8,2,Left (LHD),Automatic,6,Rear,Disc,Disc,Petrol,21705
6,2018,1247,2,603,5935,12,2,Right (RHD),Manual,7,Rear,Disc,Disc,Petrol,174002
7,1971,5000,2,18,499,2,2,Left (LHD),Manual,4,Rear,Drum,Drum,Petrol,10443
8,1971,41882,4,98,2498,6,2,Left (LHD),Manual,4,Rear,Disc,Drum,Petrol,21669
9,1959,43000,2,200,4200,6,2,Right (RHD),Manual,5,Rear,Disc,Disc,Petrol,104341
10,2005,119019,3,456,6750,8,4,Right (RHD),Automatic,4,Rear,Disc,Disc,Petrol,34895
11,2008,62850,1,530,3600,6,2,Left (LHD),Manual,6,Rear,Disc,Disc,Petrol,145328
12,2016,14000,1,241,1742,4,2,Left (LHD),Automatic,6,Rear,Disc,Disc,Petrol,83542
13,2013,124500,2,350,3436,6,2,Left (LHD),Automatic,7,Rear,Disc,Disc,Petrol,60829
14,1956,22767,2,193,3417,6,2,Left (LHD),Automatic,4,Rear,Disc,Disc,Petrol,73012
15,1997,48556,2,485,5473,12,2,Left (LHD),Manual,6,Rear,Disc,Disc,Petrol,126140
16,1947,96178,1,91,3700,6,2,Left (LHD),Manual,3,Rear,Drum,Drum,Petrol,28282
17,1980,189078,2,218,3430,6,2,Left (LHD),Automatic,5,Rear,Disc,Disc,Petrol,28282
18,1982,144472,2,300,3299,6,2,Left (LHD),Manual,4,Rear,Disc,Disc,Petrol,119657
19,2006,73600,1,355,3824,6,2,Left (LHD),Manual,6,4WD,Disc,Disc,Petrol,63527
20,2021,1275,1,730,3982,8,2,Left (LHD),Semi-Automatic,7,Rear,Disc,Disc,Petrol,408138
21,2008,30900,2,612,5980,12,4,Left (LHD),Automatic,5,Rear,Disc,Disc,Petrol,172306
22,1964,8000,1,75,1582,4,2,Left (LHD),Manual,4,Rear,Disc,Disc,Petrol,90504
23,2002,129188,2,343,3246,6,2,Left (LHD),Semi-Automatic,6,Rear,Disc,Disc,Petrol,43507
24,2007,18000,1,230,1998,4,2,Left (LHD),Manual,6,Front,Disc,Disc,Petrol,25672
25,2009,19000,1,230,1998,4,2,Left (LHD),Manual,6,Front,Disc,Disc,Petrol,47863
26,2011,49949,1,435,4663,8,4,Left (LHD),Automatic,7,Rear,Disc,Disc,Petrol,51048
27,2022,3300,1,830,6496,12,2,Left (LHD),Automatic,7,Rear,Disc,Disc,Petrol,435028
28,2002,83300,2,354,5439,8,5,Left (LHD),Automatic,5,4WD,Disc,Disc,Petrol,57000
29,2014,72099,1,350,3436,6,2,Right (RHD),Automatic,7,Rear,Disc,Disc,Petrol,54995
30,1963,77473,6,69,1150,4,2,Left (LHD),Manual,4,Rear,Disc,Drum,Petrol,23061
31,1990,18749,1,390,4943,12,2,Right (RHD),Manual,5,Rear,Disc,Disc,Petrol,139995
32,2005,49600,1,612,5980,12,2,Left (LHD),Automatic,5,Rear,Disc,Disc,Petrol,85857
33,1967,322000,4,101,1778,4,5,Left (LHD),Manual,4,Rear,Disc,Drum,Petrol,12183
34,1985,192000,2,204,3839,8,4,Left (LHD),Automatic,4,Rear,Disc,Disc,Petrol,16099
35,2004,102369,1,343,3246,6,2,Left (LHD),Automatic,6,Rear,Disc,Disc,Petrol,36985
36,2002,132000,2,343,3246,6,2,Left (LHD),Manual,6,Rear,Disc,Disc,Petrol,37855
37,1968,73578,3,255,4014,6,2,Left (LHD),Manual,5,Rear,Disc,Disc,Petrol,117481
38,1957,15,3,106,2,6,2,Left (LHD),Manual,4,Rear,Drum,Drum,Petrol,83542
39,1960,71788,2,60,948,4,2,Left (LHD),Manual,4,Rear,Disc,Drum,Petrol,21321
40,2011,82763,1,440,4691,8,4,Left (LHD),Automatic,6,Rear,Disc,Disc,Petrol,65093
41,2017,27751,1,560,5935,12,4,Left (LHD),Automatic,8,Rear,Disc,Disc,Petrol,112956
42,2006,80052,4,528,5935,12,2,Left (LHD),Automatic,6,Rear,Disc,Disc,Petrol,126009
43,2022,17500,1,600,3996,8,5,Left (LHD),Automatic,8,4WD,Disc,Disc,Petrol,121789
44,1965,98308,4,245,3692,6,2,Left (LHD),Manual,5,Rear,Disc,Disc,Petrol,171870
45,2009,12800,2,345,3614,6,2,Left (LHD),Manual,6,Rear,Disc,Disc,Petrol,65267
46,1990,218500,2,205,2972,8,4,Left (LHD),Manual,5,Front,Disc,Disc,Petrol,17200
47,2008,38000,2,620,5999,12,2,Left (LHD),Semi-Automatic,6,Rear,Disc,Disc,Petrol,143588
48,2018,10700,2,700,3800,6,2,Left (LHD),Automatic,7,Rear,Disc,Disc,Petrol,339390
49,1990,81300,1,250,3,6,2,Left (LHD),Manual,5,4WD,Disc,Disc,Petrol,68748
50,1965,72597,6,300,3967,12,2,Left (LHD),Manual,5,Rear,Disc,Disc,Petrol,256718
51,1999,73971,2,400,4941,8,4,Left (LHD),Manual,6,Rear,Disc,Disc,Petrol,52127
52,1994,143852,3,115,1984,4,5,Left (LHD),Manual,5,Front,Disc,Disc,Petrol,7397
53,1984,77458,3,125,1984,4,2,Left (LHD),Manual,5,Rear,Disc,Drum,Petrol,10269
54,1972,82862,3,100,1608,4,4,Left (LHD),Manual,5,Rear,Disc,Disc,Petrol,10878
55,1978,124000,2,240,4474,8,2,Left (LHD),Manual,5,Rear,Disc,Disc,Petrol,17318
56,2000,59990,3,363,3996,8,2,Left (LHD),Automatic,5,Rear,Disc,Disc,Petrol,26977
57,1974,38082,1,132,1962,4,2,Left (LHD),Manual,5,Rear,Disc,Disc,Petrol,23931
58,1990,4820,1,29,597,2,4,Left (LHD),Manual,4,Front,Drum,Drum,Petrol,18275
59,1985,148600,2,286,3430,6,2,Left (LHD),Manual,5,Rear,Disc,Disc,Petrol,56521
60,2011,67400,1,385,5000,8,2,Left (LHD),Automatic,6,Rear,Disc,Disc,Petrol,43424
61,1987,155064,3,230,5547,8,2,Left (LHD),Automatic,4,Rear,Disc,Disc,Petrol,31328
62,2020,22800,3,385,2981,6,2,Left (LHD),Automatic,8,Rear,Disc,Disc,Petrol,115741
63,2006,110000,2,560,5998,12,4,Left (LHD),Automatic,6,4WD,Disc,Disc,Petrol,26020
64,1992,72000,2,326,4973,8,4,Left (LHD),Automatic,4,Rear,Disc,Disc,Petrol,73099
65,1976,101000,4,286,6834,8,4,Left (LHD),Automatic,3,Rear,Disc,Disc,Petrol,87023
66,1980,80836,3,63,1,4,0,Left (LHD),Manual,4,Front,Disc,Disc,Petrol,16447
67,1967,48443,6,130,2496,6,4,Left (LHD),Manual,4,Rear,Disc,Disc,Petrol,16447
68,1962,158170,6,120,2195,6,4,Left (LHD),Automatic,4,Rear,Disc,Drum,Petrol,18188
69,1964,25128,6,120,2195,6,4,Left (LHD),Manual,4,Rear,Disc,Drum,Petrol,17318
70,1958,139537,6,106,2195,6,2,Left (LHD),Manual,4,Rear,Drum,Drum,Petrol,104341
71,1999,33268,6,363,3996,8,2,Left (LHD),Automatic,5,Rear,Disc,Disc,Petrol,21669
72,1971,46487,2,232,3499,8,2,Left (LHD),Automatic,4,Rear,Disc,Disc,Petrol,64832
73,2008,118161,6,207,2720,6,4,Left (LHD),Automatic,6,Rear,Disc,Disc,Diesel,26020
74,1982,76500,3,132,1962,4,2,Left (LHD),Manual,5,Rear,Disc,Disc,Petrol,26020
75,2000,208300,1,367,5786,12,4,Left (LHD),Automatic,5,Rear,Disc,Disc,Petrol,6953
76,1976,123500,1,217,4520,8,2,Left (LHD),Automatic,3,Rear,Disc,Disc,Petrol,27200
77,1960,156000,3,68,1897,4,4,Left (LHD),Manual,4,Rear,Drum,Drum,Petrol,21797
78,1958,223000,3,106,2195,6,2,Left (LHD),Manual,4,Rear,Drum,Drum,Petrol,70978
79,2014,34500,2,400,3604,6,5,Left (LHD),Automatic,7,4WD,Disc,Disc,Petrol,52127
80,2007,163000,2,510,6208,8,5,Left (LHD),Automatic,7,4WD,Disc,Disc,Petrol,29579
81,1969,78214,2,250,6332,8,4,Left (LHD),Automatic,4,Rear,Disc,Disc,Petrol,78234
82,1999,200000,2,363,3996,8,4,Left (LHD),Automatic,5,Rear,Disc,Disc,Petrol,18275
83,1974,119656,6,106,2498,6,2,Left (LHD),Manual,4,Rear,Disc,Drum,Petrol,15534
84,1991,43133,6,390,4942,12,2,Left (LHD),Manual,5,Rear,Disc,Disc,Petrol,155336
85,1971,22780,3,18,499,2,2,Left (LHD),Manual,4,Rear,Drum,Drum,Petrol,13837
86,1991,7400,2,228,4942,8,2,Left (LHD),Manual,5,Rear,Disc,Disc,Petrol,155771
87,1959,73971,6,106,2195,6,4,Right (RHD),Manual,4,Rear,Drum,Drum,Petrol,18971
88,2000,41000,2,400,4941,8,2,Left (LHD),Manual,6,Rear,Disc,Disc,Petrol,207985
89,1976,8655,2,132,1962,4,2,Left (LHD),Manual,5,Rear,Disc,Disc,Petrol,21756
90,2008,35736,3,510,4308,8,2,Left (LHD),Semi-Automatic,6,Rear,Disc,Disc,Petrol,260199
91,2007,73000,2,265,2996,6,2,Left (LHD),Automatic,6,Rear,Disc,Disc,Petrol,23409
92,1991,25081,1,300,3405,8,2,Left (LHD),Manual,5,Rear,Disc,Disc,Petrol,78321
93,1995,22658,1,131,1747,4,2,Left (LHD),Manual,5,Front,Disc,Disc,Petrol,15621
94,1987,28968,2,270,3185,8,2,Left (LHD),Manual,5,Rear,Disc,Disc,Petrol,92244
95,1984,3000,3,325,3475,6,2,Left (LHD),Manual,5,Rear,Disc,Disc,Petrol,91374
96,2019,2000,1,550,5,8,2,Right (RHD),Manual,7,Rear,Disc,Disc,Petrol,112260
97,1964,48321,6,1,1,4,2,Left (LHD),Manual,4,Rear,Drum,Drum,Petrol,69183
98,2010,129465,2,385,5000,8,4,Left (LHD),Automatic,8,Rear,Disc,Disc,Petrol,28282
99,2004,63318,1,298,4196,8,4,Left (LHD),Automatic,5,Rear,Disc,Disc,Petrol,21712
100,1957,73971,2,106,2195,6,2,Left (LHD),Manual,4,Rear,Drum,Drum,Petrol,75710
101,1964,125000,4,75,1720,4,2,Left (LHD),Manual,4,Rear,Disc,Disc,Petrol,130535
102,1973,160500,2,225,4520,8,2,Left (LHD),Automatic,3,Rear,Disc,Disc,Petrol,33060
103,2008,13000,1,517,5935,12,2,Left (LHD),Manual,6,Rear,Disc,Disc,Petrol,178388
104,1997,73971,1,113,2495,4,3,Left (LHD),Manual,5,4WD,Disc,Disc,Diesel,44365
105,2011,44790,2,517,5935,12,2,Right (RHD),Manual,6,Rear,Disc,Disc,Petrol,76950
106,2005,69300,4,490,4308,8,2,Left (LHD),Automatic,6,Rear,Disc,Disc,Petrol,82585
107,2022,15500,1,400,2480,5,5,Left (LHD),Automatic,7,4WD,Disc,Disc,Petrol,60829
108,1980,86350,2,155,1991,8,2,Left (LHD),Manual,5,Rear,Disc,Disc,Petrol,73883
109,2017,57950,2,550,3996,8,5,Left (LHD),Automatic,8,4WD,Disc,Disc,Petrol,83455
110,1958,84766,6,106,2195,6,4,Left (LHD),Automatic,4,Rear,Drum,Drum,Petrol,24323
111,2002,126485,6,306,4966,8,2,Left (LHD),Automatic,5,Rear,Disc,Disc,Petrol,21321
112,1984,126994,2,240,2927,8,2,Left (LHD),Manual,5,Rear,Disc,Disc,Petrol,73926
113,1958,147080,6,100,1991,4,2,Left (LHD),Manual,4,Rear,Disc,Drum,Petrol,24323
114,2005,128938,6,325,4565,8,5,Left (LHD),Automatic,5,4WD,Disc,Disc,Petrol,12966
115,1999,196051,6,140,1839,4,2,Left (LHD),Manual,5,Rear,Disc,Disc,Petrol,7745
116,1961,129636,4,224,3800,6,4,Left (LHD),Automatic,4,Rear,Disc,Disc,Petrol,30371
117,1959,73971,2,44,948,4,2,Left (LHD),Manual,4,Rear,Disc,Drum,Petrol,22404
118,2017,4575,1,547,5935,12,2,Right (RHD),Automatic,6,Rear,Disc,Disc,Petrol,185000
119,1965,73971,2,37,843,4,2,Right (RHD),Manual,4,Rear,Drum,Drum,Petrol,8702
120,1993,69000,2,300,3405,8,2,Left (LHD),Manual,5,Rear,Disc,Disc,Petrol,60742
121,1991,166900,2,279,5547,8,2,Left (LHD),Automatic,4,Rear,Disc,Disc,Petrol,39117
122,2003,158455,6,500,5439,8,2,Left (LHD),Automatic,5,Rear,Disc,Disc,Petrol,32634
123,1996,166000,1,311,5994,12,4,Left (LHD),Automatic,4,Rear,Disc,Disc,Petrol,17404
124,2004,53694,1,381,3598,6,2,Left (LHD),Manual,6,Rear,Disc,Disc,Petrol,178310
125,1971,76037,1,44,1493,4,2,Left (LHD),Manual,4,Rear,Drum,Drum,Petrol,36550
126,2005,73000,2,306,4966,8,2,Left (LHD),Automatic,5,Rear,Disc,Disc,Petrol,19580
127,1978,72984,2,225,4520,8,2,Left (LHD),Automatic,3,Rear,Disc,Disc,Petrol,36811
128,2001,101195,6,400,4941,8,4,Left (LHD),Manual,6,Rear,Disc,Disc,Petrol,63092
129,1971,20734,3,140,2341,6,2,Left (LHD),Manual,5,Rear,Disc,Disc,Petrol,95290
130,2003,3832,6,420,5935,12,2,Left (LHD),Automatic,5,Rear,Disc,Disc,Petrol,82628
131,1977,125962,6,175,2687,6,2,Left (LHD),Manual,4,Rear,Disc,Disc,Petrol,71794
132,1968,168000,3,269,4235,6,2,Left (LHD),Manual,4,Rear,Disc,Disc,Petrol,78234
133,1984,68000,1,231,4973,8,2,Left (LHD),Automatic,4,Rear,Disc,Disc,Petrol,33939
134,2004,175969,1,298,4196,8,4,Left (LHD),Automatic,5,Rear,Disc,Disc,Petrol,14750
135,1961,408,1,105,1897,4,2,Left (LHD),Manual,4,Rear,Drum,Drum,Petrol,131405
136,1991,270278,5,115,1598,4,2,Left (LHD),Manual,5,Rear,Disc,Disc,Petrol,6005
137,1974,8417,6,195,2593,8,2,Left (LHD),Manual,5,Rear,Disc,Disc,Petrol,76145
138,1959,118131,1,115,2195,6,4,Left (LHD),Manual,4,Rear,Drum,Drum,Petrol,47428
139,1977,19333,6,63,1798,4,2,Left (LHD),Manual,4,Rear,Disc,Drum,Petrol,16491
140,1977,144000,6,200,2994,6,2,Left (LHD),Manual,4,Rear,Disc,Disc,Petrol,89199
141,2021,59,1,571,6592,12,4,Left (LHD),Automatic,8,Rear,Disc,Disc,Petrol,329817
142,1995,2200,1,131,1747,4,2,Left (LHD),Manual,5,Front,Disc,Disc,Petrol,26542
143,2006,99800,3,355,3824,6,2,Left (LHD),Automatic,6,Rear,Disc,Disc,Petrol,60742
144,2006,33616,1,355,3824,6,2,Left (LHD),Manual,6,Rear,Disc,Disc,Petrol,66573
145,1989,68501,1,250,3600,6,2,Left (LHD),Manual,5,4WD,Disc,Disc,Petrol,94855
146,2021,6886,1,601,6592,12,2,Left (LHD),Automatic,8,Rear,Disc,Disc,Petrol,513436
147,2020,6336,1,601,6592,12,2,Left (LHD),Automatic,8,Rear,Disc,Disc,Petrol,348092
148,2022,88,1,571,6592,12,5,Left (LHD),Automatic,8,4WD,Disc,Disc,Petrol,378550
149,2019,29503,1,571,6592,12,5,Left (LHD),Automatic,8,4WD,Disc,Disc,Petrol,312413
150,2018,23750,2,450,2981,6,2,Left (LHD),Automatic,8,4WD,Disc,Disc,Petrol,95638
151,1986,85000,2,300,3299,6,2,Left (LHD),Manual,4,Rear,Disc,Disc,Petrol,117481
152,1996,225308,2,240,3980,6,2,Left (LHD),Automatic,4,Rear,Disc,Disc,Petrol,39160
153,1973,79000,2,125,1991,4,4,Left (LHD),Manual,5,Front,Disc,Drum,Petrol,11052
154,1951,10000,3,16,569,4,3,Left (LHD),Manual,4,Rear,Drum,Drum,Petrol,19580
155,2021,3000,1,540,2891,6,4,Left (LHD),Automatic,8,Rear,Disc,Disc,Petrol,221909
156,1960,24313,3,254,3442,6,2,Left (LHD),Manual,5,Rear,Disc,Disc,Petrol,121397
157,1995,98000,1,302,5993,12,2,Left (LHD),Automatic,4,Rear,Disc,Disc,Petrol,25237
158,1935,1000,1,35,1196,4,2,Right (RHD),Manual,4,Rear,Drum,Drum,Petrol,25237
159,2006,156000,1,435,5204,10,5,Left (LHD),Manual,6,4WD,Disc,Disc,Petrol,22626
160,1967,67000,1,18,499,2,3,Left (LHD),Manual,4,Rear,Drum,Drum,Petrol,6962
161,1987,165000,1,160,1985,4,2,Left (LHD),Manual,5,Front,Disc,Disc,Petrol,12183
162,2012,180000,1,300,2500,4,4,Left (LHD),Manual,6,4WD,Disc,Disc,Petrol,28631
163,2011,185000,2,400,4806,8,5,Left (LHD),Automatic,7,4WD,Disc,Disc,Petrol,30371
164,1956,72000,3,193,3442,6,2,Left (LHD),Manual,4,Rear,Disc,Disc,Petrol,78321
165,2007,75639,2,272,3498,6,2,Right (RHD),Automatic,7,Rear,Disc,Disc,Petrol,11950
166,1950,5209,1,52,1767,4,2,Left (LHD),Manual,4,Rear,Drum,Drum,Petrol,108561
167,2008,119119,2,525,6209,8,2,Left (LHD),Automatic,7,Rear,Disc,Disc,Petrol,23931
168,1960,241,3,100,1991,4,2,Left (LHD),Manual,4,Rear,Disc,Drum,Petrol,38943
169,1993,43800,1,300,3405,8,2,Left (LHD),Manual,5,Rear,Disc,Disc,Petrol,62570
170,2004,184999,1,122,2495,4,5,Left (LHD),Manual,5,4WD,Disc,Drum,Diesel,30100
171,1991,1,1,113,2495,4,5,Left (LHD),Automatic,5,4WD,Disc,Drum,Diesel,40466
172,1976,142000,3,217,4520,8,2,Left (LHD),Automatic,3,Rear,Disc,Disc,Petrol,32590
173,2001,73971,2,63,1275,4,2,Right (RHD),Manual,4,Front,Disc,Disc,Petrol,25933
174,1960,12545,3,105,1897,4,2,Left (LHD),Manual,4,Rear,Drum,Drum,Petrol,101817
175,1983,225249,6,218,3818,8,2,Left (LHD),Automatic,4,Rear,Disc,Disc,Petrol,25672
176,2001,40571,1,400,4941,8,2,Left (LHD),Manual,6,Rear,Disc,Disc,Petrol,217122
177,2006,70853,1,265,2996,6,2,Left (LHD),Automatic,6,Rear,Disc,Disc,Petrol,26063
178,1984,104742,2,286,3430,6,2,Left (LHD),Manual,5,Rear,Disc,Disc,Petrol,66094
179,1958,2743,2,106,2195,6,4,Left (LHD),Manual,4,Rear,Drum,Drum,Petrol,60481
180,2002,78420,2,354,3199,6,2,Left (LHD),Automatic,5,Rear,Disc,Disc,Petrol,25063
181,1989,50066,3,217,3164,6,2,Left (LHD),Manual,5,Rear,Disc,Disc,Petrol,206680
182,1988,73971,1,217,3164,6,2,Left (LHD),Manual,5,Rear,Disc,Disc,Petrol,87023
183,1952,2,6,16,569,4,2,Left (LHD),Manual,4,Rear,Drum,Drum,Petrol,13489
184,1995,61927,2,320,4973,8,2,Left (LHD),Automatic,4,Rear,Disc,Disc,Petrol,95725
185,1995,73971,1,55,1239,4,3,Left (LHD),Manual,5,Front,Disc,Drum,Petrol,6266
186,1958,1176,4,100,1330,4,2,Right (RHD),Manual,4,Rear,Disc,Drum,Petrol,49500
187,2018,1142,1,305,2498,4,4,Left (LHD),Manual,6,4WD,Disc,Disc,Petrol,95725
188,2000,81400,3,284,3996,8,2,Left (LHD),Automatic,5,Rear,Disc,Disc,Petrol,24192
189,1957,20200,4,106,2195,6,4,Left (LHD),Manual,4,Rear,Drum,Drum,Petrol,39944
190,2008,72250,3,525,6208,8,2,Left (LHD),Automatic,7,Rear,Disc,Disc,Petrol,57348
191,2001,40616,3,370,3217,8,2,Left (LHD),Manual,6,Rear,Disc,Disc,Petrol,34808
192,1982,266624,6,204,2994,6,2,Left (LHD),Manual,5,Rear,Disc,Disc,Petrol,43424
193,2000,163560,2,400,4941,8,4,Left (LHD),Manual,6,Rear,Disc,Disc,Petrol,33608
194,2011,17800,2,525,5204,10,2,Left (LHD),Automatic,6,4WD,Disc,Disc,Petrol,78147
195,2014,189800,1,410,2979,6,4,Left (LHD),Automatic,8,4WD,Disc,Disc,Petrol,26107
196,2011,65017,2,122,2198,4,3,Right (RHD),Manual,6,4WD,Disc,Disc,Diesel,29995
197,1984,41473,3,390,4943,12,2,Left (LHD),Manual,5,Rear,Disc,Disc,Petrol,195802
198,1960,88125,4,105,1897,4,2,Left (LHD),Manual,4,Rear,Drum,Drum,Petrol,143588
199,1998,71318,2,363,3996,8,2,Left (LHD),Automatic,5,Rear,Disc,Disc,Petrol,27847
200,1970,80000,2,18,499,2,2,Left (LHD),Manual,4,Rear,Drum,Drum,Petrol,13271
201,1971,50298,1,250,6332,8,4,Left (LHD),Automatic,4,Rear,Disc,Disc,Petrol,35244
202,2007,84213,3,420,4163,8,2,Left (LHD),Manual,6,4WD,Disc,Disc,Petrol,60481
203,1987,76000,1,204,1993,4,2,Left (LHD),Manual,5,Rear,Disc,Disc,Petrol,50038
204,1984,181194,4,231,4973,8,2,Left (LHD),Automatic,4,Rear,Disc,Disc,Petrol,37855
205,2018,93386,2,300,2993,6,5,Left (LHD),Automatic,8,4WD,Disc,Disc,Diesel,29297
206,1984,114000,1,115,3532,8,5,Left (LHD),Manual,5,4WD,Disc,Drum,Petrol,30458
207,2022,14896,1,440,2894,6,5,Left (LHD),Automatic,7,4WD,Disc,Disc,Petrol,91277
208,2002,41000,2,260,1781,4,2,Left (LHD),Manual,5,Rear,Disc,Disc,Petrol,51344
209,2008,67481,3,316,3498,6,2,Left (LHD),Automatic,7,Rear,Disc,Disc,Petrol,34808
210,1990,17081,2,300,3405,8,2,Left (LHD),Manual,5,Rear,Disc,Disc,Petrol,304580
211,2015,33989,3,560,3855,8,2,Left (LHD),Automatic,7,Rear,Disc,Disc,Petrol,134885
212,2013,14964,1,660,6262,12,2,Left (LHD),Automatic,7,4WD,Disc,Disc,Petrol,435114
213,2004,24168,3,500,4961,10,2,Left (LHD),Automatic,6,4WD,Disc,Disc,Petrol,91373
214,2000,30000,1,220,2959,6,2,Left (LHD),Manual,5,Front,Disc,Disc,Petrol,39160
215,1958,73971,1,75,1897,4,4,Left (LHD),Manual,4,Rear,Drum,Drum,Petrol,8615
216,2014,73971,1,122,2198,4,5,Left (LHD),Manual,6,4WD,Disc,Disc,Diesel,100076
217,2001,26000,6,400,4941,8,2,Left (LHD),Manual,6,Rear,Disc,Disc,Petrol,189275
218,1987,73971,3,40,998,4,0,Left (LHD),Manual,4,Front,Disc,Drum,Petrol,17405
219,1997,46115,6,485,5474,12,0,Left (LHD),Manual,6,Rear,Disc,Disc,Petrol,130099
220,2018,3178,1,284,3721,6,2,Right (RHD),Manual,6,Rear,Disc,Disc,Petrol,56995
221,2004,25642,3,192,1796,4,2,Right (RHD),Manual,5,Rear,Disc,Disc,Petrol,28500
222,1960,697,2,124,2912,6,2,Left (LHD),Manual,4,Rear,Disc,Drum,Petrol,57870
223,2017,16934,1,547,5935,12,2,Right (RHD),Automatic,6,Rear,Disc,Disc,Petrol,92950
224,1986,18500,1,133,3532,8,5,Left (LHD),Manual,5,4WD,Disc,Drum,Petrol,34722
225,1972,143000,3,225,4520,8,2,Left (LHD),Automatic,3,Rear,Disc,Disc,Petrol,24366
226,2021,690,1,510,3982,8,2,Left (LHD),Manual,8,Rear,Disc,Disc,Petrol,216687
227,2015,75000,2,122,2198,4,5,Left (LHD),Manual,6,4WD,Disc,Disc,Diesel,65267
228,1973,36259,4,115,1991,4,4,Left (LHD),Manual,5,Front,Disc,Drum,Petrol,17405
229,1988,69656,2,200,6750,8,2,Left (LHD),Automatic,3,Rear,Disc,Disc,Petrol,87023
230,2019,48452,3,635,5950,12,3,Left (LHD),Automatic,8,4WD,Disc,Disc,Petrol,173872
231,2004,68719,6,306,4966,8,2,Right (RHD),Semi-Automatic,5,Rear,Disc,Disc,Petrol,12250
232,1971,13000,3,200,3499,8,2,Left (LHD),Automatic,4,Rear,Disc,Disc,Petrol,98162
233,2015,2285,1,241,1742,4,2,Left (LHD),Automatic,6,Rear,Disc,Disc,Petrol,66050
234,1984,246400,2,231,4973,8,2,Left (LHD),Automatic,4,Rear,Disc,Disc,Petrol,26020
235,1965,127219,3,120,2195,6,4,Left (LHD),Manual,4,Rear,Disc,Drum,Petrol,12966
236,2016,35951,6,610,5204,10,2,Left (LHD),Automatic,7,4WD,Disc,Disc,Petrol,217514
237,1991,43400,2,279,5547,8,2,Left (LHD),Automatic,4,Rear,Disc,Disc,Petrol,60028
238,2018,82000,2,165,1368,4,2,Left (LHD),Manual,5,Front,Disc,Disc,Petrol,14785
239,1956,64850,3,38,880,2,2,Left (LHD),Manual,4,Front,Drum,Drum,Petrol,7397
240,1991,188000,3,238,2498,4,2,Left (LHD),Manual,5,Rear,Disc,Disc,Petrol,121745
241,2006,105000,1,381,3824,6,2,Left (LHD),Manual,6,4WD,Disc,Disc,Petrol,67875
242,1993,73971,2,360,3600,6,2,Left (LHD),Manual,5,Rear,Disc,Disc,Petrol,304549
243,2007,76000,2,490,4308,8,2,Left (LHD),Automatic,6,Rear,Disc,Disc,Petrol,101321
244,1997,51000,1,330,1996,6,2,Left (LHD),Manual,6,Rear,Disc,Disc,Petrol,86153
245,1976,89562,4,106,2498,6,2,Left (LHD),Manual,4,Rear,Disc,Drum,Petrol,20450
246,1967,2800,1,150,2496,6,2,Left (LHD),Automatic,4,Rear,Disc,Disc,Petrol,95725
247,1960,83767,5,120,2195,6,2,Left (LHD),Manual,4,Rear,Drum,Drum,Petrol,134799
248,1964,120000,3,224,3781,6,4,Left (LHD),Manual,4,Rear,Disc,Disc,Petrol,23061
249,1992,88000,1,84,2495,4,3,Left (LHD),Manual,5,4WD,Disc,Drum,Petrol,8615
250,1998,135000,2,363,3996,8,2,Left (LHD),Automatic,5,Rear,Disc,Disc,Petrol,19928
251,1962,98000,3,120,2195,6,2,Left (LHD),Manual,4,Rear,Disc,Drum,Petrol,13489
252,2009,43907,2,626,5439,8,2,Left (LHD),Automatic,5,Rear,Disc,Disc,Petrol,287089
253,2012,54632,2,68,996,3,5,Left (LHD),Manual,5,Front,Disc,Disc,Petrol,5134
254,1999,216856,6,224,1781,4,3,Left (LHD),Manual,6,4WD,Disc,Disc,Petrol,6875
255,2016,59546,3,537,6752,8,4,Right (RHD),Automatic,8,Rear,Disc,Disc,Petrol,110000
256,2001,163170,6,120,1796,4,2,Left (LHD),Manual,5,Rear,Disc,Disc,Petrol,6005
257,1999,119546,6,140,1839,4,2,Left (LHD),Manual,5,Rear,Disc,Disc,Petrol,8694
258,2001,113124,6,131,1747,4,2,Left (LHD),Manual,5,Front,Disc,Disc,Petrol,7745
259,2008,111606,2,122,2402,4,3,Left (LHD),Manual,5,4WD,Disc,Disc,Diesel,39073
260,2001,126233,4,367,5786,12,2,Left (LHD),Automatic,5,Rear,Disc,Disc,Petrol,11226
261,2003,80334,2,131,1747,4,2,Left (LHD),Manual,5,Front,Disc,Disc,Petrol,10356
262,1990,282377,2,115,1598,4,2,Left (LHD),Manual,5,Rear,Disc,Disc,Petrol,7745
263,1987,99620,6,160,1985,4,2,Left (LHD),Manual,5,Front,Disc,Disc,Petrol,12096
264,1979,97122,5,111,1962,4,2,Left (LHD),Manual,5,Rear,Disc,Disc,Petrol,18188
265,2003,104901,3,136,1796,4,2,Left (LHD),Manual,5,Rear,Disc,Disc,Petrol,9486
266,2002,120388,6,136,1796,4,2,Left (LHD),Manual,5,Rear,Disc,Disc,Petrol,6005
267,1973,205243,6,225,4500,8,2,Left (LHD),Automatic,3,Rear,Disc,Disc,Petrol,6875
268,1958,43489,2,100,2000,4,2,Left (LHD),Manual,4,Rear,Disc,Drum,Petrol,30371
269,2011,131527,3,122,1598,4,5,Left (LHD),Manual,6,Front,Disc,Disc,Petrol,11226
270,2014,70382,2,68,996,3,5,Left (LHD),Manual,5,Front,Disc,Disc,Petrol,5874
271,1974,15191,6,71,1275,4,2,Left (LHD),Manual,4,Front,Disc,Drum,Petrol,15577
272,1987,131756,6,160,2479,4,2,Left (LHD),Manual,5,Rear,Disc,Disc,Petrol,12096
273,1969,55303,1,18,499,2,2,Left (LHD),Manual,4,Rear,Drum,Drum,Petrol,6875
274,1990,12345,6,115,1598,4,2,Left (LHD),Manual,5,Rear,Disc,Disc,Petrol,4727
275,1999,185748,2,110,1597,4,2,Left (LHD),Manual,5,Rear,Disc,Disc,Petrol,5134
276,1990,248706,1,160,1985,4,2,Left (LHD),Automatic,5,Front,Disc,Disc,Petrol,12096
277,1993,78386,2,209,3950,8,2,Left (LHD),Manual,5,Rear,Disc,Disc,Petrol,17318
278,2011,126616,6,122,1598,4,5,Left (LHD),Manual,6,Front,Disc,Disc,Petrol,11226
279,1959,38177,2,100,1991,4,2,Left (LHD),Manual,4,Rear,Disc,Drum,Petrol,24279
280,1993,153251,5,102,1598,4,2,Left (LHD),Manual,5,Front,Disc,Disc,Petrol,3394
281,1978,56250,2,217,4520,8,2,Left (LHD),Automatic,3,Rear,Disc,Disc,Petrol,65250
282,2003,229889,1,95,1597,4,2,Left (LHD),Manual,5,Front,Disc,Disc,Petrol,3394
283,2018,43400,2,612,3982,8,5,Left (LHD),Automatic,9,4WD,Disc,Disc,Petrol,65433
284,2005,126928,6,131,1747,4,2,Left (LHD),Manual,5,Front,Disc,Disc,Petrol,8615
285,2000,77384,6,120,1796,4,2,Left (LHD),Manual,5,Rear,Disc,Disc,Petrol,6875
286,2000,215346,1,110,1597,4,2,Left (LHD),Manual,5,Rear,Disc,Disc,Petrol,6005
287,1973,7909,2,106,2498,6,2,Left (LHD),Manual,4,Rear,Disc,Drum,Petrol,12966
288,2003,113200,6,110,1598,4,2,Left (LHD),Manual,5,Rear,Disc,Disc,Petrol,9486
289,1996,115894,3,131,1747,4,2,Left (LHD),Manual,5,Front,Disc,Disc,Petrol,6005
290,1958,2433,4,44,948,4,2,Left (LHD),Manual,4,Rear,Disc,Drum,Petrol,24279
291,1975,19137,2,96,1798,4,2,Left (LHD),Manual,5,Rear,Disc,Drum,Petrol,19928
292,2002,153013,5,136,1796,4,2,Left (LHD),Manual,5,Rear,Disc,Disc,Petrol,5134
293,1973,12942,3,165,2498,6,2,Left (LHD),Manual,4,Rear,Disc,Drum,Petrol,17318
294,1988,95810,6,71,1293,4,0,Left (LHD),Manual,4,Front,Disc,Drum,Petrol,12966
295,1979,141900,5,360,4943,12,2,Left (LHD),Manual,5,Rear,Disc,Disc,Petrol,190580
296,1984,24000,3,204,3839,8,4,Left (LHD),Automatic,4,Rear,Disc,Disc,Petrol,34722
297,1986,86395,6,223,4973,8,2,Left (LHD),Automatic,4,Rear,Disc,Disc,Petrol,43076
298,1973,119354,6,192,4520,8,2,Left (LHD),Automatic,3,Rear,Disc,Disc,Petrol,28718
299,1973,105287,6,192,4520,8,2,Left (LHD),Automatic,3,Rear,Disc,Disc,Petrol,26063
300,1966,43703,6,255,4014,6,2,Left (LHD),Manual,5,Rear,Disc,Disc,Petrol,143544
301,1989,39000,2,231,3164,6,2,Left (LHD),Manual,5,Rear,Disc,Disc,Petrol,208855
302,1993,80000,4,250,3600,6,2,Left (LHD),Manual,5,Rear,Disc,Disc,Petrol,213206
303,2005,78000,1,355,3824,6,2,Left (LHD),Automatic,6,Rear,Disc,Disc,Petrol,54824
304,2015,92000,2,258,2967,6,5,Left (LHD),Automatic,7,4WD,Disc,Disc,Diesel,40031
305,1989,63000,2,231,3164,6,2,Left (LHD),Manual,5,Rear,Disc,Disc,Petrol,204504
306,2011,158000,2,245,2967,6,4,Left (LHD),Automatic,8,4WD,Disc,Disc,Diesel,23496
307,2019,75000,1,385,2981,6,2,Left (LHD),Automatic,8,Rear,Disc,Disc,Petrol,114000
308,2015,13200,1,573,5935,12,2,Left (LHD),Automatic,7,Rear,Disc,Disc,Petrol,140977
309,1972,92000,4,140,2341,6,2,Left (LHD),Manual,5,Rear,Disc,Disc,Petrol,85283
310,1964,74134,2,51,2286,4,3,Left (LHD),Manual,4,4WD,Drum,Drum,Diesel,24366
311,2020,17350,1,385,3800,6,2,Left (LHD),Manual,6,Rear,Disc,Disc,Petrol,93898
312,1986,160000,2,286,3430,6,2,Left (LHD),Manual,5,Rear,Disc,Disc,Petrol,68661
313,1993,85000,2,55,1239,4,3,Left (LHD),Manual,5,Front,Disc,Drum,Petrol,4351
314,2011,9800,1,460,4297,8,2,Left (LHD),Automatic,7,Rear,Disc,Disc,Petrol,126183
315,2015,1000,1,570,4497,8,2,Left (LHD),Semi-Automatic,7,Rear,Disc,Disc,Petrol,287176
316,2009,10700,1,560,5204,10,2,Left (LHD),Automatic,6,4WD,Disc,Disc,Petrol,134886
317,2021,5200,1,690,6262,12,2,Left (LHD),Automatic,7,4WD,Disc,Disc,Petrol,282825
318,2008,21700,1,405,4198,8,2,Left (LHD),Automatic,6,Rear,Disc,Disc,Petrol,59176
319,1959,10205,3,100,1991,4,2,Left (LHD),Manual,4,Rear,Disc,Drum,Petrol,30458
320,2016,76600,3,430,3800,6,2,Left (LHD),Automatic,7,4WD,Disc,Disc,Petrol,104341
321,2019,16500,2,610,3855,8,2,Left (LHD),Automatic,7,Rear,Disc,Disc,Petrol,191364
322,1969,45000,1,18,499,2,2,Left (LHD),Manual,4,Rear,Drum,Drum,Petrol,15664
323,1988,220576,6,160,1985,4,2,Left (LHD),Automatic,5,Front,Disc,Disc,Petrol,12966
324,1974,42000,3,132,1962,4,2,Left (LHD),Manual,5,Rear,Disc,Disc,Petrol,23322
325,1973,75220,3,132,1962,4,2,Left (LHD),Manual,5,Rear,Disc,Disc,Petrol,22104
326,2002,49457,3,75,1149,4,3,Left (LHD),Manual,5,Front,Disc,Drum,Petrol,3383
327,2020,19500,2,650,3745,6,2,Left (LHD),Automatic,8,4WD,Disc,Disc,Petrol,207028
328,1961,1172,3,215,2996,6,2,Left (LHD),Manual,4,Rear,Drum,Drum,Petrol,1575116
329,1992,20100,1,210,1,4,4,Left (LHD),Manual,5,4WD,Disc,Disc,Petrol,166214
330,1999,317500,1,103,1581,4,5,Left (LHD),Manual,5,Front,Disc,Disc,Petrol,1610
331,1984,52733,4,231,4973,8,2,Left (LHD),Automatic,4,Rear,Disc,Disc,Petrol,47776
332,1980,120000,4,255,2926,8,2,Left (LHD),Manual,5,Rear,Disc,Disc,Petrol,91374
333,1991,58876,1,245,4973,8,4,Left (LHD),Automatic,4,Rear,Disc,Disc,Petrol,39073
334,1952,141052,3,80,2195,6,2,Left (LHD),Manual,4,Rear,Drum,Drum,Petrol,120962
335,1987,47000,2,230,5547,8,2,Left (LHD),Automatic,4,Rear,Disc,Disc,Petrol,52127
336,2015,44110,2,510,3982,8,2,Left (LHD),Semi-Automatic,7,Rear,Disc,Disc,Petrol,117481
337,1957,8118,2,415,5700,8,2,Left (LHD),Manual,4,Rear,Disc,Drum,Petrol,85283
338,1990,791797,2,147,2849,6,2,Left (LHD),Automatic,4,Rear,Disc,Disc,Petrol,8702
339,2016,11750,1,148,2198,4,4,Left (LHD),Manual,6,4WD,Disc,Disc,Diesel,85718
340,1971,8300,3,18,499,2,2,Left (LHD),Manual,4,Rear,Drum,Drum,Petrol,10356
341,2006,122000,1,185,2198,4,4,Left (LHD),Manual,6,Front,Disc,Disc,Petrol,11313
342,1977,179000,2,217,4520,8,4,Left (LHD),Automatic,3,Rear,Disc,Disc,Petrol,24279
343,1997,195000,1,347,4973,8,4,Left (LHD),Automatic,5,Rear,Disc,Disc,Petrol,16969
344,2020,16500,2,717,6166,8,2,Left (LHD),Automatic,8,Rear,Disc,Disc,Petrol,96163
345,1966,180,1,44,1493,4,4,Left (LHD),Manual,4,Rear,Drum,Drum,Petrol,116611
346,1989,160000,4,202,3590,6,4,Left (LHD),Automatic,4,Rear,Disc,Disc,Petrol,12956
347,1970,73971,1,109,1595,4,4,Right (RHD),Manual,4,Rear,Disc,Drum,Petrol,8702
348,1989,40234,2,220,3100,6,2,Left (LHD),Manual,5,Rear,Disc,Disc,Petrol,23496
349,2021,9000,1,450,2981,6,2,Left (LHD),Manual,8,4WD,Disc,Disc,Petrol,160993
350,2002,73971,1,400,4941,8,2,Left (LHD),Manual,6,Rear,Disc,Disc,Petrol,204504
351,1973,34794,5,106,2498,6,2,Left (LHD),Manual,4,Rear,Disc,Drum,Petrol,30415
352,1996,74996,1,240,3950,8,2,Left (LHD),Manual,5,Rear,Disc,Disc,Petrol,37376
353,1974,148724,2,225,4520,8,2,Left (LHD),Automatic,3,Rear,Disc,Disc,Petrol,34766
354,1991,44,6,29,597,2,4,Left (LHD),Manual,4,Front,Drum,Drum,Petrol,36985
355,1959,6650,6,105,1897,4,2,Left (LHD),Manual,4,Rear,Drum,Drum,Petrol,106603
356,2004,147000,2,210,2521,5,5,Left (LHD),Automatic,5,4WD,Disc,Disc,Petrol,10399
357,2022,38,1,300,1798,4,2,Left (LHD),Automatic,7,Rear,Disc,Disc,Petrol,119657
358,2021,750,1,510,3982,8,2,Left (LHD),Automatic,8,Rear,Disc,Disc,Petrol,190580
359,2010,145906,3,316,3498,6,2,Left (LHD),Automatic,7,Rear,Disc,Disc,Petrol,29490
360,1991,56000,2,390,4943,12,2,Left (LHD),Manual,5,Rear,Disc,Disc,Petrol,104419
361,2016,63,6,675,3799,8,2,Left (LHD),Automatic,7,Rear,Disc,Disc,Petrol,274122
362,1900,6011,6,16,569,4,0,Left (LHD),Manual,4,Rear,Drum,Drum,Petrol,8702
363,1954,99263,6,16,569,4,4,Left (LHD),Manual,4,Rear,Drum,Drum,Petrol,17318
364,1938,32448,1,55,1971,6,2,Left (LHD),Manual,4,Rear,Drum,Drum,Petrol,143501
365,1995,81381,6,360,6750,8,4,Left (LHD),Automatic,4,Rear,Disc,Disc,Petrol,26020
366,1970,84785,3,130,1991,4,2,Left (LHD),Manual,4,Rear,Disc,Drum,Petrol,24279
367,1956,64845,1,100,2195,6,2,Left (LHD),Manual,4,Rear,Drum,Drum,Petrol,82672
368,1965,54000,2,58,1,4,3,Left (LHD),Manual,3,Front,Drum,Drum,Petrol,40901
369,2006,146948,2,229,2457,4,4,Left (LHD),Manual,5,4WD,Disc,Disc,Petrol,20450
370,2002,60082,3,442,5,12,2,Left (LHD),Manual,6,Rear,Disc,Disc,Petrol,73883
371,1980,138029,2,217,4520,8,2,Left (LHD),Automatic,3,Rear,Disc,Disc,Petrol,19406
372,1978,2000,1,410,3299,6,2,Left (LHD),Manual,4,Rear,Disc,Disc,Petrol,117481
373,2007,79000,1,355,3824,6,2,Left (LHD),Manual,6,Rear,Disc,Disc,Petrol,55695
374,2008,90000,1,480,3600,6,2,Left (LHD),Manual,6,4WD,Disc,Disc,Petrol,100076
375,2002,118000,1,203,2736,6,2,Left (LHD),Automatic,4,Front,Disc,Disc,Petrol,4177
376,2005,59300,1,241,1997,4,2,Left (LHD),Manual,5,Rear,Disc,Disc,Petrol,43424
377,2005,59905,2,528,5935,12,2,Left (LHD),Manual,6,Rear,Disc,Disc,Petrol,143501
378,2005,27500,1,560,5998,12,4,Left (LHD),Automatic,6,4WD,Disc,Disc,Petrol,43424
379,2008,50300,3,560,5204,10,2,Left (LHD),Automatic,6,4WD,Disc,Disc,Petrol,100860
380,2016,33300,2,670,3902,8,2,Left (LHD),Automatic,7,Rear,Disc,Disc,Petrol,178310
381,2016,64100,1,571,5461,8,4,Left (LHD),Automatic,7,4WD,Disc,Disc,Petrol,78234
382,1988,132600,3,300,3299,6,2,Left (LHD),Manual,4,Rear,Disc,Disc,Petrol,173959
383,2005,54700,4,240,1781,4,2,Left (LHD),Manual,6,4WD,Disc,Disc,Petrol,39073
384,1970,56120,2,200,3499,8,2,Left (LHD),Automatic,4,Rear,Disc,Disc,Petrol,69183
385,2000,7497,3,550,5992,12,2,Left (LHD),Manual,5,4WD,Disc,Disc,Petrol,465573
386,2008,111145,2,530,3600,6,2,Left (LHD),Manual,6,Rear,Disc,Disc,Petrol,169695
387,2018,41843,2,608,5950,12,5,Right (RHD),Automatic,8,4WD,Disc,Disc,Petrol,100000
388,2021,5734,1,340,2998,6,2,Right (RHD),Automatic,8,Rear,Disc,Disc,Petrol,62500
389,1998,39641,3,135,1994,4,2,Right (RHD),Manual,5,Rear,Disc,Drum,Petrol,28000
390,1965,77454,6,120,2195,6,2,Left (LHD),Manual,4,Rear,Disc,Drum,Petrol,51779
391,1987,5693,2,240,3900,8,3,Left (LHD),Manual,5,4WD,Disc,Drum,Petrol,126183
392,1987,65620,3,265,5343,12,2,Left (LHD),Automatic,3,Rear,Disc,Disc,Petrol,25237
393,1987,129206,2,390,4943,12,2,Left (LHD),Manual,5,Rear,Disc,Disc,Petrol,106603
394,1959,98856,4,105,1886,4,2,Left (LHD),Manual,4,Rear,Drum,Drum,Petrol,121745
395,1962,65000,3,105,1897,4,2,Left (LHD),Manual,4,Rear,Drum,Drum,Petrol,112695
396,1957,50188,6,100,2195,6,2,Left (LHD),Manual,4,Rear,Drum,Drum,Petrol,113086
397,2007,142223,6,258,3555,8,4,Left (LHD),Automatic,5,Rear,Disc,Disc,Petrol,26020
398,1970,73971,2,125,2195,6,2,Left (LHD),Manual,4,Rear,Disc,Disc,Petrol,60829
399,1967,72358,1,122,1570,4,2,Left (LHD),Manual,5,Rear,Disc,Disc,Petrol,60699
400,1967,17935,6,304,5763,8,2,Left (LHD),Manual,4,Rear,Disc,Disc,Petrol,130099
401,1960,80545,3,105,1897,4,2,Left (LHD),Manual,4,Rear,Drum,Drum,Petrol,116611
402,1988,95040,6,245,4973,8,2,Left (LHD),Automatic,4,Rear,Disc,Disc,Petrol,46775
403,1980,57367,6,360,4942,12,2,Left (LHD),Manual,5,Rear,Disc,Disc,Petrol,260634
404,1980,151500,2,240,4973,8,2,Left (LHD),Automatic,4,Rear,Disc,Disc,Petrol,52127
405,1931,6379,5,29,1087,4,1,Right (RHD),Manual,4,Rear,Drum,Drum,Petrol,40031
406,2002,27379,1,525,6208,8,2,Left (LHD),Automatic,7,Rear,Disc,Disc,Petrol,119657
407,1982,144430,2,299,5343,12,2,Left (LHD),Automatic,3,Rear,Disc,Disc,Petrol,12140
408,2010,65190,3,460,4297,8,2,Left (LHD),Semi-Automatic,7,Rear,Disc,Disc,Petrol,103992
409,1977,73971,1,200,2994,6,2,Left (LHD),Manual,4,Rear,Disc,Disc,Petrol,69444
410,1982,224500,3,231,4973,8,2,Left (LHD),Automatic,4,Rear,Disc,Disc,Petrol,43424
411,2010,65600,1,228,2967,6,2,Left (LHD),Manual,5,Rear,Disc,Disc,Petrol,63527
412,2018,8500,1,630,5980,12,5,Left (LHD),Automatic,7,4WD,Disc,Disc,Petrol,321985
413,1955,117,6,110,2660,4,2,Left (LHD),Manual,4,Rear,Drum,Drum,Petrol,102252
414,2010,38750,2,517,5935,12,2,Right (RHD),Automatic,6,Rear,Disc,Disc,Petrol,86950
415,1985,130579,2,204,3839,8,2,Left (LHD),Automatic,4,Rear,Disc,Disc,Petrol,41336
416,2007,6631,1,560,5998,12,2,Left (LHD),Automatic,6,4WD,Disc,Disc,Petrol,100076
417,1960,69000,3,224,3781,6,4,Left (LHD),Manual,4,Rear,Disc,Disc,Petrol,59089
418,1964,136500,6,300,3967,12,2,Left (LHD),Manual,5,Rear,Disc,Disc,Petrol,278474
419,1985,999999,6,245,4973,8,2,Left (LHD),Automatic,4,Rear,Disc,Disc,Petrol,38290
420,1967,152102,2,210,1991,6,2,Left (LHD),Manual,5,Rear,Disc,Disc,Petrol,91374
421,1979,109088,2,240,4474,8,2,Left (LHD),Manual,5,Rear,Disc,Disc,Petrol,34766
422,2004,195854,6,298,4196,8,4,Left (LHD),Automatic,5,Rear,Disc,Disc,Petrol,13489
423,1985,195575,2,230,5547,8,2,Left (LHD),Automatic,4,Rear,Disc,Disc,Petrol,34374
424,1961,81596,3,105,1897,4,2,Left (LHD),Manual,4,Rear,Drum,Drum,Petrol,130447
425,1938,6000,4,47,1352,4,4,Right (RHD),Manual,4,Rear,Drum,Drum,Petrol,33069
426,1984,187000,3,286,3430,6,2,Left (LHD),Manual,5,Rear,Disc,Disc,Petrol,51344
427,1985,120500,2,245,4973,8,2,Left (LHD),Automatic,4,Rear,Disc,Disc,Petrol,69531
428,1958,73971,2,105,1897,4,2,Left (LHD),Manual,4,Rear,Drum,Drum,Petrol,102644
429,2016,58000,1,370,2981,6,2,Left (LHD),Automatic,7,Rear,Disc,Disc,Petrol,95725
430,2006,147000,2,355,3824,6,2,Left (LHD),Automatic,6,Rear,Disc,Disc,Petrol,47863
431,2007,52000,2,480,3600,6,2,Left (LHD),Automatic,6,4WD,Disc,Disc,Petrol,86153
432,2004,76000,3,265,3179,6,2,Left (LHD),Manual,6,Rear,Disc,Disc,Petrol,36115
433,2016,43000,1,420,2981,6,2,Left (LHD),Manual,7,4WD,Disc,Disc,Petrol,129664
434,2010,6751,1,450,4691,8,2,Left (LHD),Automatic,6,Rear,Disc,Disc,Petrol,243229
435,1974,88007,6,340,4390,12,2,Left (LHD),Manual,5,Rear,Disc,Disc,Petrol,86588
436,1973,78660,6,195,2593,8,2,Left (LHD),Manual,5,Rear,Disc,Disc,Petrol,77886
437,1985,117815,3,218,4196,8,2,Left (LHD),Automatic,4,Rear,Disc,Disc,Petrol,46905
438,2007,37026,4,528,5935,12,2,Right (RHD),Automatic,6,Rear,Disc,Disc,Petrol,99950
439,2011,59525,5,385,4997,8,2,Left (LHD),Automatic,6,Rear,Disc,Disc,Petrol,43337
440,1998,56327,3,426,6750,8,2,Left (LHD),Automatic,4,Rear,Disc,Disc,Petrol,100000
441,1955,76239,6,137,4900,6,0,Left (LHD),Automatic,4,Rear,Drum,Drum,Petrol,39160
442,2006,92281,6,325,3596,6,2,Left (LHD),Manual,6,Rear,Disc,Disc,Petrol,46079
443,2000,26889,2,400,4941,8,2,Left (LHD),Manual,6,Rear,Disc,Disc,Petrol,207985
444,2000,361745,6,200,2435,5,5,Left (LHD),Manual,5,4WD,Disc,Disc,Petrol,4743
445,2013,62405,3,625,5998,12,2,Left (LHD),Automatic,8,4WD,Disc,Disc,Petrol,95290
446,1994,110674,6,442,5474,12,2,Left (LHD),Manual,6,Rear,Disc,Disc,Petrol,60873
447,1966,47686,1,75,1776,4,3,Left (LHD),Manual,4,Rear,Drum,Drum,Petrol,72621
448,1987,57390,6,255,3185,8,2,Left (LHD),Manual,5,Rear,Disc,Disc,Petrol,103992
449,2002,46203,6,515,5748,12,2,Left (LHD),Manual,6,Rear,Disc,Disc,Petrol,295443
450,1989,79230,1,300,3405,8,2,Left (LHD),Manual,5,Rear,Disc,Disc,Petrol,63092
451,2017,24913,2,573,5935,12,2,Right (RHD),Manual,7,Rear,Disc,Disc,Petrol,136950
452,2002,73971,3,400,4941,8,2,Left (LHD),Manual,6,Rear,Disc,Disc,Petrol,213206
453,1954,83709,1,150,2996,6,2,Left (LHD),Manual,4,Rear,Drum,Drum,Petrol,291527
454,1988,57902,6,455,5167,12,2,Left (LHD),Manual,5,Rear,Disc,Disc,Petrol,648321
455,1996,35439,6,492,5707,12,2,Left (LHD),Manual,5,4WD,Disc,Disc,Petrol,382466
456,2012,104129,2,512,6752,8,4,Left (LHD),Automatic,8,Rear,Disc,Disc,Petrol,103557
457,1956,14520,3,193,3442,6,2,Left (LHD),Manual,4,Rear,Disc,Disc,Petrol,145764
458,1993,90000,3,122,2402,4,4,Left (LHD),Manual,6,4WD,Disc,Disc,Diesel,77450
459,1981,142000,3,240,4973,8,2,Left (LHD),Automatic,4,Rear,Disc,Disc,Petrol,41771
460,1967,69764,6,1,1,4,0,Left (LHD),Manual,4,Rear,Drum,Drum,Petrol,45687
461,1987,107245,6,242,5600,8,2,Left (LHD),Automatic,4,Rear,Disc,Disc,Petrol,26063
462,1988,203529,6,230,5549,8,1,Left (LHD),Automatic,4,Rear,Disc,Disc,Petrol,17361
463,1956,30605,6,105,1900,4,2,Left (LHD),Manual,4,Rear,Drum,Drum,Petrol,104384
464,1965,62000,2,51,1493,4,5,Left (LHD),Manual,4,Rear,Drum,Drum,Petrol,86588
465,1981,67000,2,29,602,2,4,Left (LHD),Manual,4,Front,Drum,Drum,Petrol,13053
466,1987,54497,6,390,4943,12,2,Left (LHD),Manual,5,Rear,Disc,Disc,Petrol,125748
467,2014,70300,2,507,3993,8,2,Left (LHD),Automatic,8,4WD,Disc,Disc,Petrol,103992
468,2010,73480,5,630,5998,12,2,Left (LHD),Automatic,6,4WD,Disc,Disc,Petrol,69575
469,1994,73971,6,100,1994,4,2,Right (RHD),Manual,5,Rear,Disc,Drum,Petrol,25895
470,2008,79000,1,355,3824,6,2,Left (LHD),Automatic,6,4WD,Disc,Disc,Petrol,60046
471,2017,96081,6,160,1998,4,2,Left (LHD),Manual,6,Rear,Disc,Disc,Petrol,20446
472,1989,73971,3,72,2400,4,3,Left (LHD),Manual,4,4WD,Disc,Drum,Diesel,19928
473,2004,85000,6,405,6761,8,4,Left (LHD),Automatic,4,Rear,Disc,Disc,Petrol,38247
474,2014,30000,2,550,5000,8,2,Left (LHD),Automatic,8,Rear,Disc,Disc,Petrol,62221
475,2022,85,1,500,3996,6,2,Left (LHD),Automatic,7,Rear,Disc,Disc,Petrol,191451
476,2017,71105,3,420,2981,6,2,Left (LHD),Automatic,7,4WD,Disc,Disc,Petrol,113122
477,2004,88270,1,450,3598,6,2,Left (LHD),Automatic,6,4WD,Disc,Disc,Petrol,81724
478,1983,191512,1,204,3839,8,2,Left (LHD),Automatic,4,Rear,Disc,Disc,Petrol,23409
479,1992,20600,2,300,3405,8,2,Left (LHD),Manual,5,Rear,Disc,Disc,Petrol,97379
480,2008,30331,2,517,5935,12,2,Right (RHD),Manual,6,Rear,Disc,Disc,Petrol,124950
481,1975,83500,2,37,1192,4,2,Left (LHD),Manual,4,Rear,Drum,Drum,Petrol,23409
482,1987,101492,6,270,3185,8,2,Left (LHD),Manual,5,Rear,Disc,Disc,Petrol,77886
483,1960,36798,6,120,2195,6,2,Left (LHD),Manual,4,Rear,Drum,Drum,Petrol,71794
484,1961,51483,1,224,3781,6,4,Left (LHD),Automatic,4,Rear,Disc,Disc,Petrol,24236
485,1971,102916,3,165,2498,6,2,Left (LHD),Manual,4,Rear,Disc,Drum,Petrol,27847
486,2014,59788,1,385,5000,8,2,Left (LHD),Automatic,6,Rear,Disc,Disc,Petrol,60873
487,1999,32644,6,255,3518,6,2,Left (LHD),Automatic,4,Rear,Disc,Disc,Petrol,46992
488,2000,90300,3,363,3996,8,2,Left (LHD),Automatic,5,Rear,Disc,Disc,Petrol,39073
489,1965,36000,1,120,2195,6,4,Left (LHD),Automatic,4,Rear,Disc,Drum,Petrol,25663
490,1989,28607,1,390,4943,12,2,Right (RHD),Manual,5,Rear,Disc,Disc,Petrol,152290
491,1989,12262,2,215,3532,8,3,Left (LHD),Manual,5,4WD,Disc,Drum,Petrol,121832
492,1959,73971,3,44,948,4,2,Left (LHD),Manual,4,Rear,Disc,Drum,Petrol,13837
493,1950,34639,4,52,1767,4,2,Left (LHD),Manual,4,Rear,Drum,Drum,Petrol,152290
494,2006,90123,1,250,3189,6,3,Right (RHD),Manual,6,4WD,Disc,Disc,Petrol,16995
495,2001,149,3,284,3,8,2,Left (LHD),Automatic,5,Rear,Disc,Disc,Petrol,16421
496,1959,7800,4,106,2195,6,2,Left (LHD),Automatic,4,Rear,Drum,Drum,Petrol,74161
497,2022,5184,1,482,6162,8,2,Left (LHD),Automatic,8,Rear,Disc,Disc,Petrol,103977
498,1960,73971,1,105,1897,4,2,Left (LHD),Manual,4,Rear,Drum,Drum,Petrol,102687
499,1963,60900,3,55,1988,4,4,Left (LHD),Automatic,4,Rear,Drum,Drum,Diesel,34374
500,1971,74315,6,85,1563,4,2,Left (LHD),Manual,4,Rear,Disc,Drum,Petrol,59611
501,1998,115269,6,326,5400,12,0,Left (LHD),Automatic,5,Rear,Disc,Disc,Petrol,51779
502,2003,98315,2,500,5439,8,2,Left (LHD),Semi-Automatic,5,Rear,Disc,Disc,Petrol,33504
503,1947,47927,6,90,2443,6,2,Left (LHD),Manual,4,Rear,Drum,Drum,Petrol,256718
504,2002,73840,6,306,4966,8,2,Left (LHD),Automatic,5,Rear,Disc,Disc,Petrol,30415
505,1979,81669,1,218,3453,6,2,Left (LHD),Manual,5,Rear,Disc,Disc,Petrol,43468
506,1981,102000,3,177,1984,4,2,Left (LHD),Manual,5,Rear,Disc,Disc,Petrol,18209
507,2013,62000,3,460,4691,8,2,Left (LHD),Automatic,6,Rear,Disc,Disc,Petrol,62221
508,1987,107600,2,230,5547,8,2,Left (LHD),Automatic,4,Rear,Disc,Disc,Petrol,19406
509,1977,132355,3,125,1984,4,2,Left (LHD),Manual,4,Rear,Disc,Drum,Petrol,9573
510,1975,79976,2,105,1275,4,2,Left (LHD),Manual,4,Front,Disc,Drum,Petrol,42206
511,1958,65129,1,115,2195,6,2,Left (LHD),Manual,4,Rear,Drum,Drum,Petrol,126183
512,1975,23382,1,44,1483,4,6,Left (LHD),Manual,4,Rear,Drum,Drum,Petrol,47863
513,1970,219000,2,125,2195,6,2,Left (LHD),Semi-Automatic,4,Rear,Disc,Disc,Petrol,102252
514,2023,161,1,530,4395,8,5,Right (RHD),Automatic,8,4WD,Disc,Disc,Petrol,240000
515,2016,54235,2,632,6592,12,2,Right (RHD),Automatic,8,Rear,Disc,Disc,Petrol,170000
516,2012,12500,1,560,5204,10,2,Left (LHD),Automatic,6,4WD,Disc,Disc,Petrol,127837
517,2012,9900,1,661,4935,8,2,Left (LHD),Manual,7,Rear,Disc,Disc,Petrol,251496
518,1983,82469,6,231,4973,8,2,Left (LHD),Automatic,4,Rear,Disc,Disc,Petrol,36985
519,1986,124,6,33,602,2,4,Left (LHD),Manual,4,Front,Drum,Drum,Petrol,36985
520,1964,3442,6,75,1600,4,2,Left (LHD),Manual,4,Rear,Disc,Disc,Petrol,86588
521,1957,12400,2,105,1897,4,2,Left (LHD),Manual,4,Rear,Drum,Drum,Petrol,112695
522,1970,1200,5,180,2195,6,2,Left (LHD),Manual,5,Rear,Disc,Disc,Petrol,248016
523,1976,80756,6,260,2994,6,2,Left (LHD),Manual,4,Rear,Disc,Disc,Petrol,130491
524,1972,36434,6,140,2341,6,2,Left (LHD),Manual,5,Rear,Disc,Disc,Petrol,117046
525,1961,27738,3,112,1570,4,2,Left (LHD),Manual,4,Rear,Drum,Drum,Petrol,53954
526,1998,74133,6,485,5473,12,2,Left (LHD),Manual,6,Rear,Disc,Disc,Petrol,110954
527,1954,24062,5,110,2660,4,2,Left (LHD),Manual,4,Rear,Drum,Drum,Petrol,95290
528,2006,25265,2,265,2996,6,2,Left (LHD),Automatic,6,Rear,Disc,Disc,Petrol,29007
529,1981,74253,2,90,2307,4,3,Left (LHD),Manual,4,Rear,Disc,Drum,Petrol,43042
530,1966,4600,2,44,1493,4,5,Left (LHD),Manual,4,Rear,Drum,Drum,Petrol,59089
531,2000,33000,2,204,2792,6,5,Left (LHD),Manual,6,4WD,Disc,Disc,Petrol,14707
532,2020,2,1,220,1798,4,2,Left (LHD),Manual,6,Rear,Disc,Disc,Petrol,58044
533,1981,121500,2,204,2994,6,2,Left (LHD),Manual,5,Rear,Disc,Disc,Petrol,64832
534,1986,27198,1,390,4943,12,2,Left (LHD),Manual,5,Rear,Disc,Disc,Petrol,139995
535,1985,97000,2,295,5343,12,4,Left (LHD),Automatic,3,Rear,Disc,Disc,Petrol,17231
536,1977,62033,1,63,1798,4,2,Left (LHD),Manual,4,Rear,Disc,Drum,Petrol,28282
537,1980,176978,6,204,2994,6,2,Left (LHD),Manual,5,Rear,Disc,Disc,Petrol,54389
538,1980,109748,6,205,2926,8,2,Left (LHD),Manual,5,Rear,Disc,Disc,Petrol,67443
539,1971,155883,6,370,8200,8,2,Left (LHD),Automatic,3,Front,Disc,Drum,Petrol,33895
540,2004,52500,1,420,5935,12,2,Left (LHD),Automatic,5,Rear,Disc,Disc,Petrol,93550
541,1972,73971,1,44,1285,4,2,Left (LHD),Manual,4,Rear,Drum,Drum,Petrol,26020
542,2007,150000,1,122,2498,5,2,Left (LHD),Manual,5,4WD,Disc,Disc,Diesel,23931
543,1965,73971,6,120,2195,6,2,Left (LHD),Manual,4,Rear,Disc,Drum,Petrol,76145
544,1960,18898,3,105,1897,4,2,Left (LHD),Manual,4,Rear,Drum,Drum,Petrol,91287
545,1995,68000,2,192,3946,8,2,Left (LHD),Manual,5,Rear,Disc,Drum,Petrol,37855
546,1989,5900,2,270,3185,8,2,Left (LHD),Manual,5,Rear,Disc,Disc,Petrol,152290
547,1969,49030,2,18,594,2,2,Left (LHD),Manual,4,Rear,Drum,Drum,Petrol,11309
548,1973,139376,1,165,2498,6,2,Left (LHD),Manual,4,Rear,Disc,Drum,Petrol,21321
549,2010,6731,2,160,1796,4,2,Left (LHD),Manual,5,Rear,Disc,Disc,Petrol,19972
550,2001,996,6,400,4941,8,2,Left (LHD),Manual,6,Rear,Disc,Disc,Petrol,304145
551,1960,20693,5,224,3781,6,4,Left (LHD),Manual,4,Rear,Disc,Disc,Petrol,40857
552,1981,40468,3,205,2926,8,2,Left (LHD),Manual,5,Rear,Disc,Disc,Petrol,78321
553,1981,156000,2,204,2994,6,2,Left (LHD),Manual,5,Rear,Disc,Disc,Petrol,69531
554,1960,23000,3,115,2195,6,2,Left (LHD),Manual,4,Rear,Drum,Drum,Petrol,95725
555,1963,49619,6,95,1582,4,2,Left (LHD),Manual,4,Rear,Disc,Disc,Petrol,110954
556,1955,68623,6,90,2660,4,2,Left (LHD),Manual,3,Rear,Drum,Drum,Petrol,82672
557,1977,28600,6,255,2926,8,2,Left (LHD),Manual,5,Rear,Disc,Disc,Petrol,121789
558,1965,63500,6,300,3967,12,2,Left (LHD),Manual,5,Rear,Disc,Disc,Petrol,304145
559,1955,19998,6,177,4700,8,2,Left (LHD),Automatic,3,Rear,Drum,Drum,Petrol,47819
560,1956,4445,6,227,5200,8,2,Left (LHD),Automatic,3,Rear,Drum,Drum,Petrol,60873
561,1925,110568,6,70,4700,6,2,Left (LHD),Manual,4,Rear,Drum,Drum,Petrol,28674
562,1987,186211,6,242,5600,8,2,Left (LHD),Automatic,4,Rear,Disc,Disc,Petrol,26063
563,1951,160933,6,28,2500,4,0,Left (LHD),Manual,4,Rear,Drum,Drum,Petrol,13010
564,2003,83131,6,515,5748,12,2,Left (LHD),Manual,6,Rear,Disc,Disc,Petrol,221909
565,2009,19040,6,460,6749,12,2,Left (LHD),Automatic,8,Rear,Disc,Disc,Petrol,239139
566,1991,23397,4,492,5707,12,2,Left (LHD),Manual,5,Rear,Disc,Disc,Petrol,254542
567,2009,8998,2,300,3597,6,2,Left (LHD),Semi-Automatic,6,Rear,Disc,Disc,Petrol,78234
568,2017,16,1,460,2979,6,2,Left (LHD),Automatic,7,Rear,Disc,Disc,Petrol,86936
569,1962,50823,1,105,1897,4,2,Left (LHD),Manual,4,Rear,Drum,Drum,Petrol,130447
570,1989,112000,2,217,3164,6,2,Left (LHD),Manual,5,Rear,Disc,Disc,Petrol,147069
571,1957,22389,2,100,2195,6,2,Left (LHD),Manual,4,Rear,Drum,Drum,Petrol,113043
572,1972,15949,1,165,2498,6,2,Left (LHD),Manual,4,Rear,Disc,Drum,Petrol,43468
573,1970,36000,4,47,843,4,2,Left (LHD),Manual,4,Rear,Disc,Drum,Petrol,32982
574,1963,76,4,224,3,6,4,Left (LHD),Manual,4,Rear,Disc,Disc,Petrol,46035
575,1992,98698,6,260,3600,6,2,Left (LHD),Manual,5,Rear,Disc,Disc,Petrol,184924
576,2000,167802,6,363,4000,8,2,Left (LHD),Automatic,5,Rear,Disc,Disc,Petrol,16969
577,1956,24000,2,180,3442,6,2,Left (LHD),Manual,4,Rear,Disc,Disc,Petrol,100076
578,2000,72486,3,400,4941,8,2,Left (LHD),Manual,6,Rear,Disc,Disc,Petrol,187012
579,2008,132000,3,245,3498,6,2,Left (LHD),Automatic,7,Rear,Disc,Disc,Petrol,23409
580,1958,4656,3,106,2195,6,4,Left (LHD),Manual,4,Rear,Drum,Drum,Petrol,34766
581,1973,51199,1,340,4390,12,2,Left (LHD),Manual,5,Rear,Disc,Disc,Petrol,95725
582,2004,121899,6,456,6750,8,4,Left (LHD),Automatic,4,Rear,Disc,Disc,Petrol,24366
583,1965,109000,6,42,1493,4,3,Left (LHD),Manual,4,Rear,Drum,Drum,Petrol,43512
584,1995,67000,4,302,5994,12,2,Left (LHD),Automatic,4,Rear,Disc,Disc,Petrol,37855
585,1983,219449,3,265,2993,6,2,Left (LHD),Manual,4,Rear,Disc,Disc,Petrol,147896
586,1986,76523,6,264,3185,8,2,Left (LHD),Manual,5,Rear,Disc,Disc,Petrol,107473
587,2020,10200,2,740,6498,12,2,Left (LHD),Semi-Automatic,7,4WD,Disc,Disc,Petrol,399436
588,1982,188000,1,231,4973,8,2,Left (LHD),Automatic,4,Rear,Disc,Disc,Petrol,26020
589,1936,7744,3,170,4453,6,0,Right (RHD),Manual,4,Rear,Drum,Drum,Petrol,251932
590,1991,50926,3,300,3405,8,2,Left (LHD),Manual,5,Rear,Disc,Disc,Petrol,73970
591,2002,44630,1,306,4966,8,2,Left (LHD),Automatic,5,Rear,Disc,Disc,Petrol,26063
592,1957,56400,2,105,1897,4,2,Left (LHD),Manual,4,Rear,Drum,Drum,Petrol,108779
593,1985,71100,2,295,5343,12,4,Left (LHD),Automatic,3,Rear,Disc,Disc,Petrol,8267
594,2014,6759,3,591,6208,8,2,Right (RHD),Automatic,7,Rear,Disc,Disc,Petrol,430000
595,2018,356,1,600,5935,12,2,Right (RHD),Automatic,8,Rear,Disc,Disc,Petrol,435000
596,1938,4884,6,101,1971,6,2,Left (LHD),Manual,4,Rear,Drum,Drum,Petrol,199718
597,1992,293500,6,141,1985,4,2,Left (LHD),Manual,5,Front,Disc,Disc,Petrol,8659
598,1955,21773,6,188,4300,8,2,Left (LHD),Automatic,3,Rear,Drum,Drum,Petrol,69575
599,1974,122764,6,101,1800,4,2,Left (LHD),Manual,4,Rear,Disc,Drum,Petrol,12966
600,1992,272900,1,326,4973,8,4,Left (LHD),Automatic,4,Rear,Disc,Disc,Petrol,36115
601,1973,82453,3,140,2341,6,2,Left (LHD),Manual,5,Rear,Disc,Disc,Petrol,86946
602,2001,37015,1,326,5379,12,4,Right (RHD),Automatic,5,Rear,Disc,Disc,Petrol,55000
603,1977,63178,6,300,3299,6,2,Left (LHD),Manual,4,Rear,Disc,Disc,Petrol,130099
604,1962,10046,2,60,1582,4,2,Left (LHD),Manual,4,Rear,Drum,Drum,Petrol,34500
605,1970,111000,2,200,3499,8,2,Left (LHD),Automatic,4,Rear,Disc,Disc,Petrol,130360
606,1977,31785,4,211,6750,8,2,Right (RHD),Automatic,3,Rear,Disc,Disc,Petrol,150000
607,1997,18370,2,405,6750,8,2,Left (LHD),Automatic,4,Rear,Disc,Disc,Petrol,117481
608,2001,67204,2,400,4941,8,2,Left (LHD),Manual,6,Rear,Disc,Disc,Petrol,184393
609,2013,36000,2,122,2198,4,5,Left (LHD),Manual,6,4WD,Disc,Disc,Diesel,51344
610,2004,64790,3,360,3246,6,2,Left (LHD),Automatic,6,Rear,Disc,Disc,Petrol,134886
611,2016,21871,5,537,6752,8,4,Right (RHD),Automatic,8,Rear,Disc,Disc,Petrol,100000
612,1958,20178,6,30,1191,4,3,Left (LHD),Manual,4,Rear,Drum,Drum,Petrol,64832
613,1976,96861,6,255,2926,8,2,Left (LHD),Manual,5,Rear,Disc,Disc,Petrol,173611
614,1983,238435,6,204,2994,6,2,Left (LHD),Manual,5,Rear,Disc,Disc,Petrol,49560
615,2013,71787,4,507,3993,8,2,Left (LHD),Automatic,8,4WD,Disc,Disc,Petrol,78147
616,1955,73971,1,90,2660,4,2,Left (LHD),Manual,3,Rear,Drum,Drum,Petrol,102687
617,1955,1843,6,12,295,1,0,Left (LHD),Manual,4,Rear,Drum,Drum,Petrol,32634
618,1997,54666,6,354,3506,8,2,Left (LHD),Manual,5,Rear,Disc,Disc,Petrol,56565
619,1982,74000,2,125,1984,4,2,Left (LHD),Manual,5,Rear,Disc,Drum,Petrol,12618
620,2008,124367,1,416,4196,8,2,Left (LHD),Automatic,6,Rear,Disc,Disc,Petrol,43337
621,1961,73971,3,78,2286,4,2,Left (LHD),Manual,4,4WD,Drum,Drum,Petrol,58741
622,1986,8333,1,390,4943,12,2,Left (LHD),Manual,5,Rear,Disc,Disc,Petrol,169695
623,1963,146000,4,110,2195,6,4,Left (LHD),Manual,4,Rear,Disc,Drum,Petrol,23931
624,2003,48174,6,580,6192,12,2,Left (LHD),Manual,6,4WD,Disc,Disc,Petrol,234527
625,1947,138,6,48,1486,4,0,Left (LHD),Manual,4,Rear,Drum,Drum,Petrol,239313
626,2007,109980,2,250,3189,6,4,Left (LHD),Automatic,6,4WD,Disc,Disc,Petrol,34809
627,1975,101719,1,286,6834,8,4,Left (LHD),Automatic,3,Rear,Disc,Disc,Petrol,67443
628,1975,93000,3,195,2593,8,2,Left (LHD),Manual,5,Rear,Disc,Disc,Petrol,67617
629,1969,5350,3,200,3499,8,2,Left (LHD),Automatic,4,Rear,Disc,Disc,Petrol,104428
630,2018,27842,3,601,6592,12,2,Right (RHD),Automatic,8,Rear,Disc,Disc,Petrol,230000
631,1997,160725,3,284,3996,8,2,Right (RHD),Automatic,5,Rear,Disc,Disc,Petrol,17144
632,1975,21560,3,175,2687,6,2,Left (LHD),Manual,4,Rear,Disc,Disc,Petrol,49500
633,2003,66777,6,420,5935,12,2,Right (RHD),Automatic,5,Rear,Disc,Disc,Petrol,28000
634,1999,76900,6,485,5473,12,2,Left (LHD),Manual,6,Rear,Disc,Disc,Petrol,115305
635,2008,40652,5,460,6749,12,2,Right (RHD),Automatic,8,Rear,Disc,Disc,Petrol,170000
636,2021,8369,1,600,6592,12,5,Right (RHD),Automatic,8,4WD,Disc,Disc,Petrol,390000
637,1989,103803,6,218,4196,8,2,Right (RHD),Automatic,4,Rear,Disc,Disc,Petrol,80000
638,2006,76764,2,520,4961,10,2,Left (LHD),Automatic,6,4WD,Disc,Disc,Petrol,81367
639,1974,120500,3,182,4520,8,2,Left (LHD),Automatic,3,Rear,Disc,Disc,Petrol,33852
640,1951,11900,3,80,2195,6,4,Left (LHD),Manual,4,Rear,Drum,Drum,Petrol,60829
641,1981,154000,3,218,3818,8,2,Left (LHD),Automatic,4,Rear,Disc,Disc,Petrol,28718
642,1976,75000,3,182,4520,8,2,Left (LHD),Automatic,3,Rear,Disc,Disc,Petrol,25237
643,1981,32194,5,155,2307,4,3,Left (LHD),Manual,4,Rear,Disc,Drum,Petrol,77886
644,1982,41395,6,158,3793,8,2,Left (LHD),Automatic,4,Rear,Disc,Disc,Petrol,45687
645,1960,21504,6,44,948,4,2,Right (RHD),Manual,4,Rear,Disc,Drum,Petrol,16995
646,1987,37350,3,242,5547,8,2,Left (LHD),Automatic,4,Rear,Disc,Disc,Petrol,76145
647,1982,136416,3,218,3818,8,2,Left (LHD),Automatic,4,Rear,Disc,Disc,Petrol,18275
648,1972,49320,3,130,2341,6,2,Left (LHD),Manual,5,Rear,Disc,Disc,Petrol,94855
649,2003,46510,5,460,5935,12,2,Right (RHD),Semi-Automatic,6,Rear,Disc,Disc,Petrol,55000
650,1960,536,3,250,2912,6,2,Right (RHD),Manual,4,Rear,Disc,Drum,Petrol,165000
651,1959,46482,6,269,3781,6,2,Left (LHD),Manual,5,Rear,Disc,Disc,Petrol,338955
652,1990,48260,1,210,2959,6,2,Left (LHD),Manual,5,Rear,Disc,Disc,Petrol,69183
653,1984,32000,2,300,3299,6,2,Left (LHD),Manual,4,Rear,Disc,Disc,Petrol,91492
654,1985,174169,6,204,3839,8,2,Left (LHD),Automatic,4,Rear,Disc,Disc,Petrol,28674
655,1991,73971,3,215,2302,4,2,Left (LHD),Manual,5,Rear,Disc,Disc,Petrol,91374
656,1970,85750,3,180,2195,6,2,Left (LHD),Manual,5,Rear,Disc,Disc,Petrol,130457
657,1971,10696,6,250,6299,8,4,Left (LHD),Automatic,4,Rear,Disc,Disc,Petrol,47428
658,2011,38302,6,630,5998,12,2,Right (RHD),Automatic,6,4WD,Disc,Disc,Petrol,65000
659,1970,100842,6,200,3499,8,2,Left (LHD),Automatic,4,Rear,Disc,Disc,Petrol,68313
660,1971,380,6,34,1192,4,2,Left (LHD),Manual,4,Rear,Drum,Drum,Petrol,33504
661,1963,300,1,411,5354,8,2,Left (LHD),Manual,4,Rear,Disc,Disc,Petrol,1122597
662,1986,49000,2,230,5547,8,2,Left (LHD),Automatic,4,Rear,Disc,Disc,Petrol,52040
663,1977,92578,6,52,1600,4,2,Left (LHD),Manual,3,Front,Drum,Drum,Petrol,29588
664,1959,120764,6,103,1991,8,2,Left (LHD),Manual,4,Rear,Disc,Drum,Petrol,225390
665,2010,42809,5,740,5998,12,2,Right (RHD),Automatic,6,4WD,Disc,Disc,Petrol,60000
666,1986,96047,2,295,5345,12,2,Left (LHD),Automatic,3,Rear,Disc,Disc,Petrol,23888
667,1964,16839,4,240,2953,12,2,Left (LHD),Manual,5,Rear,Disc,Disc,Petrol,343741
668,1967,62716,6,150,2496,6,2,Left (LHD),Automatic,4,Rear,Disc,Disc,Petrol,63092
669,2002,6900,1,450,3598,6,2,Left (LHD),Manual,6,4WD,Disc,Disc,Petrol,113043
670,1999,73971,2,326,5379,12,4,Right (RHD),Automatic,5,Rear,Disc,Disc,Petrol,50000
671,2003,24784,5,426,6750,8,2,Right (RHD),Automatic,4,Rear,Disc,Disc,Petrol,130000
672,1971,111378,6,200,3499,8,2,Left (LHD),Manual,4,Rear,Disc,Disc,Petrol,86153
673,2017,3104,1,580,5935,12,2,Right (RHD),Automatic,8,Rear,Disc,Disc,Petrol,395000
674,1956,54349,6,10,200,1,0,Left (LHD),Manual,4,Rear,Drum,Drum,Petrol,24802
675,1953,51705,6,115,2996,6,2,Left (LHD),Manual,4,Rear,Drum,Drum,Petrol,163168
676,1952,26477,4,115,2996,6,4,Left (LHD),Manual,4,Rear,Drum,Drum,Petrol,199283
677,2015,1637,1,131,1496,4,2,Left (LHD),Manual,6,Rear,Disc,Disc,Petrol,23931
678,1982,171043,2,127,1962,4,2,Left (LHD),Manual,5,Rear,Disc,Disc,Petrol,23279
679,1955,73971,1,44,1290,4,2,Left (LHD),Manual,4,Rear,Drum,Drum,Petrol,242794
680,1978,67900,4,129,2,6,4,Left (LHD),Automatic,4,Rear,Disc,Disc,Petrol,24279
681,1960,19894,6,20,392,2,0,Left (LHD),Manual,4,Rear,Drum,Drum,Petrol,27412
682,1972,131755,3,211,6750,8,2,Left (LHD),Automatic,3,Rear,Disc,Disc,Petrol,63092
683,1969,85769,6,14,245,2,2,Left (LHD),Manual,4,Rear,Drum,Drum,Petrol,24802
684,1961,52068,6,14,400,2,2,Left (LHD),Manual,4,Rear,Drum,Drum,Petrol,17187
685,2013,16576,3,625,5998,12,4,Right (RHD),Automatic,8,4WD,Disc,Disc,Petrol,59995
686,2010,62764,6,630,5998,12,2,Right (RHD),Automatic,6,4WD,Disc,Disc,Petrol,46500
687,2008,176710,1,163,1798,4,2,Left (LHD),Manual,5,Front,Disc,Disc,Petrol,12966
688,1982,83013,6,127,1962,4,2,Left (LHD),Manual,5,Rear,Disc,Disc,Petrol,27630
689,2005,29158,3,528,5935,12,2,Right (RHD),Manual,6,Rear,Disc,Disc,Petrol,115000
690,2000,11,1,485,5935,12,2,Left (LHD),Manual,6,Rear,Disc,Disc,Petrol,450000
691,1959,115902,3,100,2000,4,2,Left (LHD),Manual,4,Rear,Disc,Drum,Petrol,29501
692,1983,119895,6,231,4973,8,2,Left (LHD),Automatic,4,Rear,Disc,Disc,Petrol,27804
693,1971,73971,2,130,2341,6,2,Left (LHD),Manual,5,Rear,Disc,Disc,Petrol,86936
694,2013,73971,2,339,4367,8,5,Right (RHD),Automatic,8,4WD,Disc,Disc,Diesel,35995
